Class,Text
0,คนแก่กินอะไรได้บ้าง
0,ควรกินอะไรดี
0,อาหารที่แนะนำ
0,ทานอะไรได้บ้าง
0,อาหารที่เหมาะกับผู้สูงอายุ
0,ผู้สูงอายุไม่ควรรับประทานอะไร
0,ไม่ควรกินอะไร
0,คนแก่ควรกินอะไร
0,อาหารอะไรที่ควรหลีกเลี่ยง
0,คนแก่ควรหลีกเลี่ยงอาหารอะไร
0,อาหารอะไรที่ต้องงดสำหรับคนแก่
0,คนแก่ควรงดอาหารอะไร
0,อาหารอะไรที่ไม่ควรกิน
0,อาหารต้องห้ามสำหรับคนแก่คืออะไร
0,อาหารอะไรที่คนแก่ห้ามกิน
0,ขออาหารที่ไม่ควรกินสำหรับคนแก่
0,อาหารอะไรที่ผู้สูงอายุควรกิน
0,อาหารที่แนะนำสำหรับผู้สูงอายุ
0,อาหารอะไรที่ไม่เหมาะสำหรับคนแก่
0,ขออาหารที่ประโยชน์สำหรับคนแก่
0,กินอะไรดีถึงจะมีประโยชน์
0,ขออาหารที่มีประโยชน์สำหรับคนแก่
0,คนแก่ห้ามกินอาหารอะไร
0,ผู้สูงอายุกินอะไรถึงจะดี
0,ผู้สูงอายุกินอะไรถึงจะมีประโยชน์
0,อาหารที่ควรกินเมื่อเข้าสู่วัยสูงอายุ
0,ผู้สูงวัยควรกินอะไรดี
0,อาหารที่ควรกินสำหรับผู้สูงวัย
0,ผู้สูงวัยควรกินอะไรถึงจะมีประโยชน์
0,อาหารที่ผู้สูงวัยควรกิน
0,แนะนำอาหารสำหรับผู้สูงอายุ
0,แนะนำอาหารของคนแก่
0,อาหารของผู้สูงอายุที่แนะนำมีอะไรบ้าง
0,มีอาหารอะไรบ้างที่แนะนำ
0,แนะนำอาหารสำหรับคนแก่
0,แนะนำอาหารให้คนแก่
0,ลิสต์อาหารที่คนแก่ควรกิน
0,ขอลิสต์อาหารที่แนะนำสำหรับคนแก่
0,ลิสต์อาหารที่คนแก่ไม่ควรกิน
0,ขอลิสต์อาหารที่คนแก่ไม่ควรกิน
0,อาหารการกินแบบไหนที่ผู้สูงอายุควรทราบ
0,หลักการเลือกอาหารสำหรับผู้สูงอายุ
0,ผู้สูงอายุควรเลือกรับประทานอะไร
0,การเลือกอาหารที่จำเป็นสำหรับผู้สูงอายุ
0,เมนูไหนที่ผู้สูงอายุห้ามทาน
0,เมนููไหนที่ผู้สูงอายุไม่ควรทาน
0,เมนูที่คนแก่ไม่ควรกิน
0,เมนูที่มีประโยชน์สำหรับคนแก่
0,เมนูที่คนแก่ควรกิน
0,เมนูที่แนะนำสำหรับผู้สูงอายุ
0,แนะนำเมนูที่คนแก่ควรกิน
1,ผู้สูงอายุสามารถมีวิธีการออกกำลังกายได้อย่างไรบ้าง
1,กีฬาหรือกิจกรรมที่เหมาะสมกับผู้สูงอายุ
1,กิจกรรมที่แนะนำสำหรับผู้สูงอายุ
1,กีฬาที่เหมาะสม
1,ผู้สูงอายุออกกำลังกายอย่างไรให้เหมาะสม
1,คนแก่ขยับร่างกายอย่างไรไม่ให้บาดเจ็บ
1,ขอท่าออกกำลังกายที่เหมาะกับผู้สูงอายุ
1,แนะนำท่าออกกำลังกาย
1,ผู้สูงอายุออกกำลังกายท่าไหนดี
1,ท่าออกกำลังกายของผู้สูงอายุมีอะไรบ้าง
1,คนแก่ออกกำลังกายยังไงให้แข็งแรง
1,คนแก่ออกกำลังกายท่าไหนดี
1,ขอท่าออกกำลังกายที่คนแก่ควรออก
1,วัยชราควรออกกำลังกายอย่างไร
1,ขอท่าออกกำลังกายสำหรับวัยชรา
1,แนะนำการคาร์ดิโอสำหรับผู้สูงอายุ
1,คาร์ดิโอแบบไหนเหมาะกับผู้สูงอายุ
1,การคาร์ดิโอมีแบบไหนบ้างที่เหมาะกับวัยของฉัน
1,เมื่อแก่เฒ่าแล้วควรออกกำลังกายอย่างไร
1,มีวิธีออกกำลังกายสำหรับคนแก่ไหม
1,ขอวิธีออกกำลังกายที่ทำให้คนแก่แข็งแรง
1,กีฬาที่คนแก่เล่นได้
1,ขอกีฬาที่เหมาะกับคนแก่
1,คนแก่เล่นกีฬาอะไรได้บ้าง
1,มีกีฬาอะไรบ้างที่คนแก่เล่นได้
1,คนแก่เล่นกีฬาอะไรถึงจะไม่บาดเจ็บ
1,กีฬาเบา ๆ สำหรับคนแก่
1,ท่ายืดเส้นยืดสายสำหรับคนแก่
1,อยากยืดเส้นยืดสายควรทำอะไร
1,มีกีฬาอะไรแนะนำสำหรับคนแก่ไหม
1,ขอกีฬาที่แนะนำสำหรับคนแก่
1,การออกกำลังกายแบบไหนที่เหมาะกับอายุของฉัน
1,ในวัยฉันควรออกกำลังกายแบบไหน
1,มีกีฬาที่แนะนำให้กับวัยของฉันไหม
1,อายุของฉันควรออกกำลังกายแบบไหนดี
1,ขอกีฬาที่เหมาะกับช่วงวัยของฉัน
1,กีฬาที่เหมาะกับช่วงวัยของฉันมีอะไรบ้าง
1,ออกกำลังกายที่บ้านอย่างไร
1,อยู่บ้านออกกำลังกายยังไงดี
1,อายุเยอะแล้วออกกำลังกายยังไงดี
1,ขอกิจกรรมที่ช่วยเพิ่มความแข็งแรง
1,กิจกรรมที่ช่วยให้ผู้สูงอายุแข็งแรง
1,แนะนำกิจกรรมที่ช่วยเพิ่มความแข็งแรง
1,แนะนำท่าขยับร่างกายสำหรับผู้สูงอายุ
1,บอกวิธีออกกำลังกายสำหรับคนแก่ให้หน่อย
1,ขอแนวทางการออกกำลังกายกับคนแก่
1,แนวทางการออกกำลังกายสำหรับผู้สูงอายุ
1,ถ้าผู้สูงอายุอยากออกกำลังกายต้องอย่างไร
1,ถ้าอยากออกกำลังกายควรเริ่มยังไงดี
1,ขอท่าขยับร่างกายสำหรับคนแก่
2,ควรให้ความสนใจกับผู้สูงอายุอย่างไร
2,ช่วยเอาใจใส่อย่างไร
2,สามารถช่วยควบคุมอารมณ์ของผู้สูงอายุได้อย่างไร
2,วิธีการรับมือกับผู้สูงอายุที่มีอารมณ์แปรปรวน
2,หลักการดูแลผู้สูงอายุ
2,การดูแลรักษาสภาพจิตใจของผู้สูงอายุ
2,วิธีการให้ความสนับสนุนทางอารมณ์ให้กับผู้สูงอายุ
2,จะเข้าใจความต้องการทางอารมณ์ของผู้สูงอายุได้อย่างไร
2,มีเทคนิคอะไรบ้างในการจัดการอารมณ์ของเราในวัยที่เพิ่มขึ้น
2,เราสามารถทำอย่างไรเพื่อจัดการกับความรู้สึกแปลกๆ ในวัยที่เพิ่มขึ้น
2,หลักการในการดูแลตัวเองในวัยที่สูงขึ้น
2,เราสามารถการรักษาสุขภาพจิตใจในวัยที่เพิ่มขึ้นได้อย่างไร
2,เราจะมีวิธีในการควบคุมอารมณ์ของเราเองในวัยที่สูงขึ้นได้ยังไง
2,มีวิธีในการรับมือกับอารมณ์ที่ไม่สมดุลในวัยที่เพิ่มขึ้นไหม
2,มีคำแนะนำในการสร้างความไว้วางใจและความสัมพันธ์ที่ดีในวัยที่สูงขึ้นมั้ย
2,ช่วยแนะนำวิธีในการสร้างความมั่นใจและความสัมพันธ์ดีๆ ในวัยที่มากขึ้นให้หน่อยได้ไหม 
2,มีวิธีในการรับมือกับความเครียดทางอารมณ์ในวัยที่สูงขึ้นไหม
2,มีวิธีในการรับมือกับความหงุดหงิดในวัยที่เพิ่มขึ้นไหม จะทำยังไงได้บ้าง
2,คุณมีวิธีในการจัดการกับความเสียใจทางอารมณ์ยังไงได้บ้าง
2,ช่วยแนะนำเครือข่ายการสนับสนุนสำหรับผู้สูงอายุหน่อยได้ไหม
2,ช่วยแนะนำการเข้าสังคมในวัยที่มากขึ้นให้หน่อยได้ไหมมั้ย
2,วิธีการรับมือกับความเสียใจและความสูญเสียในวัยที่มากขึ้น
2,วิธีการเสริมสร้างความแข็งแกร่งทางอารมณ์ของคุณในวัยที่สูงขึ้น
2,ขอเคล็ดลับในการสร้างความมั่นใจหน่อย
2,การรักษาความเจ็บป่วยทางอารมณ์ในวัยที่มากขึ้นจำเป็นอย่างไร
2,การใส่ใจในอารมณ์และความรูสึกมีความสำคัญอย่างไร
2,วิธีการรับมือกับความเสียใจในช่วงวัยที่มากขึ้น
2,ถ้ารู้สึกเสียใจต้องทำยังไง มีวิธีบ้างไหม
2,ขอวิธีการจัดการกับความเสียใจหน่อยได้ไหม
2,รู้สึกเศร้าจัง ฉันสามารถทำยังไงได้บ้าง
2,วิธีการรับมือกับความกังวลและความเครียดในช่วงวัยที่มากขึ้น
2,ช่วงนี้เครียดมาก สุขภาพก็ย่ำแย่ฉันควรทำยังไงดี
2,ฉันกังวลเกี่ยวกับการแบ่งมรดกจริงๆ เครียดจนนอนไม่หลับฉันทำไงได้บ้าง
2,พอแก่แล้วฉันไม่ค่อยมั่นใจเลย ฉันควรทำอย่างไรดี
2,ฉันรูสึกเหงาจังเลย ลูกๆไม่มาหากันบ้างฉันควรทำยังไงดี
2,มีวิธีแก้ความเหงาสำหรับผู้สูงอายุไหม
2,ฉันต้องทำยังไงเมื่อรู้สึกเหงา
2,ฉันเศร้ามาก เพื่อนๆ ของฉันเริ่มเสียไปทีละคนๆ ฉันควรจัดการกับความรู้สึกนี้ยังไงดี
2,ฉันเสียใจที่ลูกๆ ทะเลาะกันเพื่อแย่งมรดกฉันควรทำยังไงดี
2,พออายุเยอะขึ้น อารมณ์ก็แปรปรวน ฉันขอคำแนะนำหน่อยได้ไหม
2,มีวิธีจัดการกับอารมณ์ที่แปรปรวนของฉันไหม
2,ฉันควรทำอย่างไรกับความรู้สึกที่แปรปรวน
2,สุขภาพทางด้านจิตใจมีความสำคัญอย่างไร
2,เราสามารถดูแลรักษาสุขภาพทางด้านจิตใจให้ดีต่อไป ได้ยังไงบ้าง
2,ช่วงนี้ี้ฉันรู้สึกหงุดหงิดบ่อยๆ พอจะมีวิธีในการรับมือกับอาการเหล่านี้บ้างไหม
2,ฉันโมโหมากที่ลูกๆ เอาแต่สนใจในมรดกแล้วไม่สนใจฉันเลย ฉันควรทำยังไงดี
2,วันนี้ฉันอารมณ์ไม่ดีเลย มีวิธีจัดการกับอารมณ์เหล่านี้มั้ย
2,มีวิธีจัดการกับความเครียดไหม
2,ต้นเดือนแล้วลูกไม่ส่งเงินให้ ฉันเสียใจมาก แต่ก็โมโหด้วยควรทำยังไงดี
2,ฉันควรทำยังไงกับ ความเหงาหรือความเสียใจในวัยที่มากขึ้น
2,ทำยังไงฉันถึงจะรู้สึกดีในวันที่ฉันรู้สึกเครียดแบบนี้
3,งานอดิเรกที่เหมาะสม
3,เวลาว่างทำอะไรดี
3,กิจกรรมยามว่างที่ดี
3,เล่นกีฬาอะไรดี
3,แนะนำงานอดิเรกให้ผู้สูงอายุ
3,ยกตัวอย่างกิจกรรมให้ผู้สูงอายุ
3,กิจกรรมที่น่าสนใจ
3,การออกกำลังกายในชีวิตประจำวัน
3,งานอดิเรกเสริมความรู้
3,งานอดิเรกที่น่าสนใจ
3,กิจกรรมพัฒนาความสามารถการเดิน
3,กิจกรรมที่มีประโยชน์
3,เวลาว่างควรทำอะไรดี
3,แนะนำกิจกรรมยามว่างให้หน่อย
3,กิจกรรมที่เสริมสร้างทักษะมีอะไรบ้าง
3,ช่วยแนะนำกิจกรรมที่เหมาะสมกับผู้สูงอายุให้หน่อย
3,งานอดิเรกที่น่าสนใจ
3,งานอดิเรกให้ประโยชน์พัฒนาร่างกาย
3,ช่วยแนะนำกิจกรรมที่มีประโยชน์ให้หน่อย
3,แนะนำงานอดิเรกที่น่าทำน่อย
3,กิจกรรมแก่เหงา
3,เวลาเหงาหาอะไรทำดี
3,เวลาว่างๆควรทำอะไร
3,อยากทำอะไรสักอย่างแนะนำให้น่อย
3,ฉันควรทำอะไรดีเมื่อมีเวลาว่าง
3,เวลาว่างสามารถทำอะไรได้บ้าง
3,กิจกรรมที่แนะนำเมื่อมีอายุมากขึ้น
3,กิจกรรมที่เหมาะสมเมื่อมีอายุมากขึ้น
3,กิจกรรมยามว่างที่ช่วยผ่อนคลาย
3,แนะนำกิจกรรมที่ช่วยให้ผ่อนคลายหน่อย
3,กิจกรรมที่ทำให้ผ่อนคลายมีอะไรบ้าง
3,กิกรรมฆ่าเวลาที่น่าสนใจ
3,เวลาว่างมากๆควรทำอะไรดี
3,แก้ปัญหาเวลาเหลือ
3,เวลาเหลือ
3,ว่างมากกก
3,เหงามากทำไรดี
3,รู้สึกเบื่อ
3,เวลาเหลือว่างมาก
3,กิจกรรมที่ช่วยแก้เครียดมีอะไรบ้าง
3,ช่วยแนะนำกิจกรรมที่ช่วยแก้เครียดให้หน่อย
3,กิจกรรมยามว่าง
3,ยามว่างทำอะไรดี
3,ว่างมาก ช่วยคิดหน่อยว่าทำไรดี
3,ยกตัวอย่างกิจกรรมผ่อนคลาย
3,ยกตัวอย่างกิจกรรมแก้เครียด
3,ยกตัวอย่างกิจกรรมที่ช่วยเสริมทักษะ
3,กิจกรรมที่ดีมีอะไรบ้าง
3,ช่วยหาอะไรให้ทำน่อย
3,แนะนำน่อยว่าทำอะไรดีเวลาว่าง
4,ยกตัวอย่างอาการป่วยให้น่อย
4,อาการที่มักเกิดขึ้นกับผู้สูงอายุ
4,การดูแลรักษาเมื่อเกิดอาการป่วยเบื้องต้น
4,แนวทางปฏิบัติเพื่อดูแลอาการป่วย
4,อาการที่น่าเป็นห่วงเมื่อเกิดในผู้สูงอายุ
4,สิ่งที่พึ่งกระทำเมื่อเกิดอาการป่วย
4,อาการไม่ค่อยดี
4,เป็นหวัดบ่อย
4,รู้สึกวิงเวียน
4,รู้สึกไม่ค่อยดี
4,อาการไม่่พึงประสงค์ที่พบบ่อย
4,รูปแบบของอาการป่วยที่ต้องระวัง
4,โรคที่มีโอกาศเกิดขึ้นบ่อยๆ
4,โรคพื้นฐาานที่ต้องรู้
4,อาการไม่พึงประสงค์
4,ไม่ค่อยสบายตัว
4,ลักษณะอาการที่น่าเป็นห่วงว
4,ต้วร้อน มีไข้ ต้องทำอย่างไร
4,มีอาการเบื่อ แยกไปอยู่คนเดียว
4,พูดน้อยลงอย่างผิดสังเกตุเป็นโรคอะไร
4,หากมีการล้มต้องทำอย่างไร
4,ปฐมพยาบาลบาดแผลเบื้องต้น
4,โรคความจำสื่มที่มักพบมีลักษณะอย่างไร
4,ความจำเสื่อมมีผลกระทบอย่างไร
4,ความจำเสื่อม
4,สมองเสื่อม
4,โรคควรรู้
4,เคลื่อนไหวได้ไม่คล่องตัว
4,กำมือไม่แน่น
4,กล้ามเนื้ออ่อนแรงมีลักษณะอย่างไร
4,กล้้ามเนื้ออ่อนแรง
4,โรคซึมเศร้าเป็นอย่างไร
4,ผู้สูงอายุเดินช้า
4,การได้ยินแย่ลง
4,มองเห็นไม่ค่อยดี
4,กลั้นปัสสาวะไม่อยู่
4,ลักษณะโรคกระดูกพรุน
4,หลังค่อมเกิดจาก
4,ทำไมความสูงถึงลดลง
4,ผู้สูงอายุเดิินหลังแอ่น
4,ปัญหาด้านระบบประสาท
4,ปัญหาระบบขับถ่าย
4,ภาวะกระดูกพรุน
4,กลั้้นอุจจาระไม่อยู่
4,อาการเดินหลังค่อม
4,รู้สึกเหนื่อยง่าย
4,ทำงานได้น้อยลง
4,อดทนได้น้อยลงเกิดจากอะไร
4,อาการป่วย
4,ปัญหาสุขภาพที่พบบ่อยมีอะไรบ้าง
4,สุขภาพร่างกายที่เป็นปัญหา
5,คนแก่ควรบริหารจัดการเงินอย่างไร
5,การเตรียมเงินสำหรับผู้สูงวัย
5,เก็บเงินไว้ใช้หลังเกษียณอายุยังไงดี
5,วิธีการเตรียมเงินสำหรับการเกษียณอายุ
5,แนะนำการลงทุนให้กับผู้สูงอายุ
5,ผู้สูงอายุลงทุนแบบไหนดี
5,คนแก่ควรลงทุนอย่างไร
5,ข้อแนะนำในการลงทุนสำหรับคนแก่
5,มีวิธีไหนบ้างที่จะช่วยให้คนแก่มีเงินเก็บ
5,คนแก่ควรเก็บเงินยังไง
5,คนแก่ควรเก็บออมเงินอย่างไร
5,วิธีออมเงินสำหรับคนแก่
5,การบริหารเงินเพื่อเอาไว้ใช้กับสุขภาพ
5,ควรลงทุนกับสุขภาพอย่างไรดี
5,ควบคุมเงินอย่างไรไม่ให้เกิดหนี้
5,วิธีการควบคุมเงินไว้ใช้สำหรับวัยชรา
5,ควรลงทุนกับการศึกษาอย่างไรดี
5,การควบคุมเงินสำหรับการผ่อนชำระหนี้ควรทำอย่างไร
5,การบริหารจัดการหนี้ควรมีกลยุทธ์อย่างไร
5,การผ่อนชำระหนี้มีวิธีอย่างไร
5,การเตรียมการเงินสำหรับการรับประกันควรคำนึงถึงอะไรบ้าง
5,การสร้างรายได้เพิ่มเติมจากการลงทุนทำยังไงได้บ้าง
5,การเงินสำหรับการเดินทางควรวางแผนไว้อย่างไร
5,ถ้าต้องการเดินทางควรเก็บเงินอย่างไร
5,หากต้องการมีเงินเก็บในอนาคตควรทำอย่างไร
5,เริ่มเก็บเงินไว้ใช้ท่องเที่ยวยังไงดี
5,การควบคุมการใช้จ่ายในรายเดือนทำยังไงดี
5,มีวิธีเก็บออมเงินในแต่ละเดือนไหม
5,วิธีใช้เงินอย่างไรไม่ให้ฟุ่มเฟือย
5,วิธีใช้เงินไม่ให้เกิดหนี้
5,ต้องทำอย่างไรหากต้องการเก็บออมเงินไว้ใช้ยามแก่
5,ทำยังไงถึงจะมีเงินเก็บ
5,วิธีทำให้เงินเก็บมีเยอะ
5,มีวิธีในการลดค่าใช้จ่ายในการใช้เงินในแต่ละเดือนไหม
5,ควรวางแผนการเงินอย่างไรดี
5,การเงินมีผลอย่างไรกับผู้สูงอายุ
5,ทำไมการออมเงินถึงสำคัญต่อผู้สูงอายุ
5,ใช้เงินอย่างไรจึงจะไม่ทำให้เกิดหนี้
5,การวางแผนการเงินเพื่อการเดินทางควรทำอย่างไร
5,วางแผนการเงินยังไงไม่ให้เกิดหนี้สิน
5,วางแผนการเงินยังไงให้มีเงินใช้
5,วิธีวางแผนการเงินสำหรับการท่องเที่ยว
5,ทำอย่างไรจึงจะสามารถลดค่าใช้เกี่ยวกับสุขภาพได้
5,มีวิธีลดค่าใช้จ่ายเกี่ยวกับสุขภาพไหม
5,วิธีลดค่าใช้จ่ายที่ไม่จำเป็น
5,วิธีปรับปรุงการใช้จ่ายให้ดีขึ้น
5,แบ่งเงินไว้ใช้ยังไงให้เกิดประโยชน์สูงสุด
5,วิธีแบ่งเงินไว้ใช้ยามฉุกเฉิน
5,ความเสี่ยงที่ต้องระวังเมื่อเริ่มลงทุน
5,ศึกษาเรื่องการลงทุนยังไงดี
6,อุปกรณ์ในบ้านที่ทำให้ชีวิตผู้สูงอายุง่ายขึ้น
6,อุปกรณ์ในบ้านสำหรับผู้สูงอายุควรมีอะไรบ้าง
6,อุปกรณ์ในบ้านสำหรับผู้สูงอายุ
6,อุปกรณ์สำหรับอำนวยความสะดวก
6,สิ่งอำนวยความสะดวก
6,สื่งที่มาช่วยเหลือผู้สูงอายุ
6,สิ่งของสำหรับการอำนวยความสะดวกเมืื่อมีอายุมากขึ้น
6,สิ่งของที่ช่วยเหลือในการใช้ชีวิตประจำวันให้สะดวก
6,อุปกรณ์อำนวยความสะดวก
6,อุปกรณ์ในการช่วยเหลือผู้สูงอายุ
6,สิ่งของเหล่านั้นสามารถนำมาช่วยเหลือได้อย่างไร
6,อุปกรณ์ที่เข้ามาช่วยอำนวยความสะดวกในชีวิตประจำวัน
6,อุปกรณ์ในบ้านสำหรับผู้สูงอายุควรมีอะไรบ้าง
6,สิ่งอำนวยความสะดวกสำหรับผู้สูงอายุ
6,ของใช้สำหรับผู้สูงอายุ
6,สิ่งของในบ้านที่ช่วยเหลือผู้สูงอายุควรมีอะไรบ้าง
6,แนะนำสิ่งอำนวยความสะดวก
6,แนะนำของน่าใช้สำหรับผู้สูงอายุ
6,ของน่าใช้ในการช่วยเหลือผู้สูงอายุ
6,อุปกรณ์แนะนำในการใช้อำนวยความสะดวก
6,อุปกรณ์ในบ้านที่ทำให้ชีวิตผู้สูงอายุง่ายขึ้น
6,ผู้สูงอายุควรมีอุปกรณ์ในบ้านแบบไหนเพื่อความสะดวกในชีวิตประจำวัน
6,มีอุปกรณ์ในบ้านใดที่เหมาะสำหรับผู้สูงอายุ
6,สิ่งอำนวยความสะดวกในบ้านสำหรับผู้สูงอายุมีอะไรบ้าง
6,อุปกรณ์อำนวยความสะดวกที่เหมาะสำหรับผู้สูงอายุควรมีอะไรบ้าง
6,สิ่งของในบ้านที่ช่วยเหลือผู้สูงอายุเมื่อมีอายุมากขึ้น
6,อุปกรณ์ที่ช่วยเหลือในการใช้ชีวิตประจำวันของผู้สูงอายุ
6,สิ่งของแนะนำสำหรับผู้สูงอายุ
6,อุปกรณ์ในบ้านสำหรับผู้สูงอายุที่ควรมีอะไรบ้าง
6,สิ่งของในบ้านที่ช่วยเหลือผู้สูงอายุในการใช้ชีวิตประจำวันควรมีอะไรบ้าง
6,อุปกรณ์อำนวยความสะดวกที่เหมาะสำหรับผู้สูงอายุ
6,สิ่งของเหล่านั้นสามารถนำมาช่วยเหลือผู้สูงอายุได้อย่างไร
6,อุปกรณ์ที่เข้ามาช่วยอำนวยความสะดวกในชีวิตประจำวันของผู้สูงอายุ
6,ของใช้สำหรับผู้สูงอายุที่ควรมีอะไรบ้าง
6,สิ่งของในบ้านที่ช่วยเหลือผู้สูงอายุควรมีอะไรบ้าง
6,แนะนำสิ่งอำนวยความสะดวกที่เหมาะสำหรับผู้สูงอายุ
6,ของน่าใช้ในการช่วยเหลือผู้สูงอายุได้แก่อะไรบ้าง
6,อุปกรณ์แนะนำในการใช้อำนวยความสะดวกสำหรับผู้สูงอายุ
6,สิ่งอำนวยความสะดวกในบ้านที่เหมาะสำหรับผู้สูงอายุควรมีอะไรบ้าง
6,ของใช้แนะนำสำหรับการอำนวยความสะดวกในชีวิตประจำวัน
6,ของใช้แนะนำเพื่อให้การใช้ชีวิตง่ายขึ้น
6,ของน่าใช้ในการช่วยเหลือผู้สูงอายุได้แก่อะไรบ้าง
6,อุปกรณ์แนะนำในการใช้อำนวยความสะดวกสำหรับผู้สูงอายุควรมีอะไรบ้าง
6,อุปกรณ์อำนวยความสะดวกที่เหมาะสำหรับผู้สูงอายุควรมีอะไรบ้าง
6,ผู้สูงอายุควรมีอุปกรณ์ในบ้านแบบไหนเพื่อความสะดวกในชีวิตประจำวัน
6,แนะนำของใช้ที่ทำให้ผู้สูงอายุเกิดความสะดวกมากยิ่งขึ้น
6,แนะนำของใช้
6,อุปกรณ์อำนวยความสะดวก
6,ของใช้แนะนำเพื่อให้การใช้ชีวิตง่ายขึ้นสำหรับผู้สูงอายุมีอะไรบ้าง
6,มีอุปกรณ์ในบ้านใดที่เหมาะสำหรับผู้สูงอายุ
7,สภาพแวดล้อมที่เหมาะสม
7,องค์ประกอบของสภาพแวดล้อมที่ดี
7,ยกตัวอย่างสะภาพแวดล้อมที่ดีมาให้น่อย
7,สภาวะแวดล้อมที่เหมาะสมควรเป็นอย่างไร
7,ภาวะที่ควรจัดให้ผู้สูงอายุ
7,ตัวอย่างสิ่งแวดล้อมที่เหมาะสม
7,บรรยากาศที่มีความเหมาะสม
7,การจัดสภาพแวดล้อมภายในบ้าน
7,ภในบ้านควรจัดวางของอย่างไรดี
7,จะวางของอย่างไรให้ดีกับผู้สูงอายุ
7,วางของให้สภาพแวดล้อมเหมาะสม
7,บรรยากาศที่ี่ดีต่อผู้สฆูงอายุ
7,อุปกรณที่ควรติดตั้งภายในบ้าน
7,จัดวางเฟอร์นิเจอร์อย่างไรให้เหมาะสม
7,จัดวางของให้ถูกตำแหน่งอย่างไร
7,พัฒนาการจัดวางอุปกรณืภายในบ้าน
7,การจััดระเบียบห้องน้ำ
7,จัดวางอุปกรณืภายในห้องน้ำ
7,ออกแบบห้องน้ำอย่างไร
7,อธิบาการจัดบ้านมาให้น่อย
7,การจัดการกับอากาศภายในห้องน้ำ
7,สุขภัณฑ์ที่ดีควรมีลักษณะอย่างไร
7,ลักษณะการจัดวางห้องนอน
7,เตียงที่มีความเหมาะสมกับผู้สูงอายุ
7,การจัดแสงไฟภายในห้อง
7,ลักษณะบันไดของบ้านที่มีผู้สูงอายุ
7,การจัดข้าวของเครื่องใช้ที่จำเป็น
7,ลักษณะของบ้านที่ดี
7,บ้านที่มีความเหมาะสมต่อการใช้ชีวิตของผู้สูงอายุ
7,บอกลัษณะของห้องที่ดีมาให้น่อย
7,ห้องที่น่าอยู่
7,บ้านที่ี่ดีต้องเป็นอย่างวไร
7,บอกอุปกรณ์ที่จำเป็นต้องติดตั้งภายในห้อง
7,ปริมาณแสงสว่างที่เพียงพอ
7,จัดการอุปกรณ์และของใช้ในบ้าน
7,ลักษณะการจััดบ้านให้มีความเหมาะสม
7,สภาพห้องนอนที่ควรจะเป็น
7,บันไดที่ควรจัดให้ผู้สูงอายุ
7,ห้้องน้ำที่ดี
7,การจัดข้องภายในบริเวณบ้านที่ถูกต้อง
7,อธิบายการจัดห้องแต่ละห้องให้มีความเหมาะสมมาน่อย
7,จัดห้องน้ำให้ดีควรเป็นอย่างไร
7,ห้องนอนที่มีความเหมาะสม
7,รูปแบบของห้องที่ดี
7,บ้านที่ควรจะเป็น
7,ห้องสำหรับผู้สูงอายุ
7,จัดบ้านให้เหมาะสมกับผู้สูงอายุ
7,ห้องที่ี่ดี
7,สภาพแวดล้้อมที่ควรจะเป็น
7,บอกวิธีจัดห้องให้เหมะสม
8,มีวิธีเข้าสังคมคนแก่ด้วยกันไหม
8,มีวิธีปรับตัวให้เข้ากับสังคมคนแก่ไหม
8,ตอนแก่ควรมีเพื่อนแบบไหนดี
8,จะแนะนำลูก-หลานเวลามาปรึกษายังไงดี
8,ตอนแก่่จะปรับตัวให้เข้ากับสังคมยังไง
8,หาเพื่อนตอนแก่ยังไง
8,จะเข้าสังคมยังไง
8,มีวิธีจัดการกับเพื่ิอนตอนแก่ยังไง
8,จะแบ่งเวลาระหว่างเพื่อนกับครอบครัวยังไงดี
8,เวลาไปเจอเพื่อนที่ไม่ได้เจอกันนานทำยังไงดี
8,วิธีปรับตัวให้เขากับสังคมใหม่ๆ
8,วิธีปรับตัวให้เข้ากับเด็กรุ่นใหม่
8,ปรับตัวให้เข้ากับสังคมสมัยใหม่ยังยังไง
8,มีวิธีทำให้ยังคงติดต่อกับลูก-หลานที่ไม่ได้อยู่ด้วยกันยังไงดี
8,มีวิธีทำให้ยังคงติดต่อกับเพื่อนให้ยังคงคุยอยู่ตลอดยังไงดี
8,มีวิธีรับมือการถูกทิ้งให้อยู่คนเดียวไหม
8,จะปรับตัวให้เข้ากับบ้านพักคนชรายังไง
8,จะหาเพื่อนในบ้านพักคนชรายังไง
8,ลูกให้ไปอยู่บ้านพักคนชราทำยังไงดี
8,อยู่กับตัวเองยังไงให้มีความสุข
8,ลูก-หลานไม่มีเวลาให้ทำยังไงดี
8,วิธีเตรียมพร้อมการใช้ชีวิตหลังเกษียณ
8,ทำยังไงให้ลูกหลานไม่รู้สึกเบื่อ เวลาคุยกับเรา
8,ทำยังไงให้ลููกหลานไม่เบื่อเรา
8,มีวิธีการจัดการกับการทะเลาะกับลูก-หลานยังไง
8,ใช้เวลายังไงให้คุ้มในแต่ละวัน
8,ใช้เวลายังไงให้ไม่รู้สึกเสียดาย
8,ถ้าภรรยาจากไปก่อนทำยังไงดี
8,ถ้าสามีจากไปก่อนทำยังไงดี
8,ทำยังไงให้เราไม่รู้สึกแย่เวลาที่จะต้องอยู่คนเดียว
8,คุยกับคนยังไงให้ไม่โดนหลอก
8,วิธีรับมือก่อนเข้าสังคมวัยคนชรา
8,ขอวิธีการกล้าคุยกับผู้ที่มีอายุต่างกันจากเรา
8,ขอวิธีการรับมือกับความรู้สึกว่า ตัวเองจะต้องเป็นคนแก่ในสายตาคนอื่น
8,ขอวิธีรับมือกับการถูกมอง หรือการเวทนาจากคนที่อายุน้อยกว่า เวลาเดินทางคนเดียว
8,ขอวิธีรับมือในการทำอะไรคนเดียว ในสังคมภายนอก
8,ใช้ชีวิตแบบคนชราด้วยตัวคนเดียวยังไง ในโลกภายนอก
8,ไม่อยากโดนมองว่า จะต้องเป็นภาระของคนในสังคมยังไงในโลกภายนอก
8,อยากรู้สึกว่า ตัวเองเป็นคนแก่ที่ดูแลตัวเองได้ ต้องทำยังไง
8,อยากเป็นคนวัยชราที่เวลามึคนภายนอกมองมาที่ตัวเราแล้ว รู้สึกสบายใจหรือสุขใจ
8,จะปรับตัวให้เข้ากับสังคมสมัยใหม่ยังไง
8,ทำยังไงให้ยังสนิทกับเพื่อนอยู่
8,วิธีคุยกับคนแปลกหน้า
8,สวดมนต์กับผู้สูงอายุด้วยกัน จะได้บุญจริงๆมั้ย
8,ถ้าจะต้องย้ายที่อยู่ ปรับตัวยังไงดี
8,ผู้สูงอายุจำเป็นต้องไปวัดเพื่อหาเพื่อนคุยไหม
8,คนชราแบบไหนที่ไม่สมควรจะรู้จักรู้คุยด้วยเพื่อความสนิทหรือความเป็นเพื่อน
8,สังคมแบบไหนที่ไม่สนับสนุนการมีอยู่ของคนชรา
8,วิธีใช้ชีวิตอยู่คนเดียว
8,ควรแนะนำอะไรให้ลูกหลานดี
